{
  "comp_acc_grid": [
    [
      0.3396666666666667,
      0.392,
      0.402,
      0.42633333333333334,
      0.43133333333333335,
      0.44,
      0.43633333333333335,
      0.43233333333333335,
      0.428,
      0.43,
      0.42733333333333334,
      0.42966666666666664,
      0.4266666666666667,
      0.4266666666666667,
      0.44266666666666665
    ],
    [
      0.3396666666666667,
      0.392,
      0.4076666666666667,
      0.43533333333333335,
      0.452,
      0.461,
      0.4696666666666667,
      0.4846666666666667,
      0.4776666666666667,
      0.49466666666666664,
      0.5086666666666667,
      0.511,
      0.518,
      0.527,
      0.538
    ],
    [
      0.3396666666666667,
      0.392,
      0.4076666666666667,
      0.43533333333333335,
      0.452,
      0.46066666666666667,
      0.467,
      0.4836666666666667,
      0.4776666666666667,
      0.49533333333333335,
      0.508,
      0.5096666666666667,
      0.5206666666666667,
      0.5243333333333333,
      0.536
    ],
    [
      0.3396666666666667,
      0.392,
      0.4076666666666667,
      0.43533333333333335,
      0.45566666666666666,
      0.45966666666666667,
      0.4706666666666667,
      0.482,
      0.478,
      0.49333333333333335,
      0.5086666666666667,
      0.5126666666666667,
      0.5196666666666667,
      0.5273333333333333,
      0.537
    ],
    [
      0.3396666666666667,
      0.392,
      0.4046666666666667,
      0.43033333333333335,
      0.4503333333333333,
      0.458,
      0.4643333333333333,
      0.483,
      0.479,
      0.49633333333333335,
      0.5033333333333333,
      0.5143333333333333,
      0.5223333333333333,
      0.5253333333333333,
      0.5376666666666666
    ]
  ],
  "comp_r2_grid": [
    [
      -14.940048217773438,
      -14.966410636901855,
      0.221018984913826,
      0.3329576551914215,
      0.30010083317756653,
      0.28107282519340515,
      0.25684377551078796,
      0.20490293204784393,
      0.2018997073173523,
      0.19907933473587036,
      0.1710580587387085,
      0.16662909090518951,
      0.14706070721149445,
      0.14592967927455902,
      0.17757122218608856
    ],
    [
      -14.940048217773438,
      -14.968063354492188,
      0.9838477969169617,
      0.926299512386322,
      0.9322871565818787,
      0.9338616728782654,
      0.934417724609375,
      0.9344666004180908,
      0.9256321787834167,
      0.9242746233940125,
      0.9175507426261902,
      0.9107750058174133,
      0.9075043797492981,
      0.9035911560058594,
      0.8961407542228699
    ],
    [
      -14.940048217773438,
      -14.962475776672363,
      0.9838477969169617,
      0.926299512386322,
      0.9322871565818787,
      0.9338617324829102,
      0.9344176650047302,
      0.9344666004180908,
      0.9256318211555481,
      0.9242746829986572,
      0.9175507426261902,
      0.9107751250267029,
      0.9075043201446533,
      0.9035912156105042,
      0.8961407542228699
    ],
    [
      -14.940048217773438,
      -14.970459938049316,
      0.9838476181030273,
      0.9262997508049011,
      0.9322870373725891,
      0.9338617324829102,
      0.9344176650047302,
      0.9344666004180908,
      0.9256321787834167,
      0.9242746233940125,
      0.9175507426261902,
      0.9107750058174133,
      0.9075043797492981,
      0.9035911560058594,
      0.8961407542228699
    ],
    [
      -14.940048217773438,
      -14.967098236083984,
      0.9805145859718323,
      0.9404125809669495,
      0.9495640397071838,
      0.9508723616600037,
      0.9505534768104553,
      0.9499780535697937,
      0.937416136264801,
      0.9357609152793884,
      0.9288162589073181,
      0.9175360798835754,
      0.9152949452400208,
      0.9095109105110168,
      0.9079186916351318
    ]
  ],
  "belief_r2_grid": [
    [
      -14.979870796203613,
      0.7245801091194153,
      0.7408418655395508,
      0.7546647191047668,
      0.7645724415779114,
      0.7728373408317566,
      0.7739195823669434,
      0.764371931552887,
      0.7592244148254395,
      0.7576820254325867,
      0.7641542553901672,
      0.7555415630340576,
      0.7606311440467834,
      0.7509920001029968,
      0.7607972621917725
    ],
    [
      -14.979870796203613,
      0.7271756529808044,
      0.7532382011413574,
      0.7688234448432922,
      0.7774838805198669,
      0.7877295017242432,
      0.79012131690979,
      0.7820992469787598,
      0.7801332473754883,
      0.7818600535392761,
      0.7901947498321533,
      0.7869111895561218,
      0.7894206643104553,
      0.7862345576286316,
      0.7957062721252441
    ],
    [
      -14.97307300567627,
      0.7271760106086731,
      0.7532376646995544,
      0.7688234448432922,
      0.7774837613105774,
      0.7877293229103088,
      0.7901212573051453,
      0.782099187374115,
      0.7801332473754883,
      0.7818600535392761,
      0.7901946902275085,
      0.7869113087654114,
      0.7894206643104553,
      0.7862345576286316,
      0.7957062721252441
    ],
    [
      -14.979870796203613,
      0.7271756529808044,
      0.7532377243041992,
      0.7688233256340027,
      0.7774839997291565,
      0.7877293229103088,
      0.7901212573051453,
      0.7820992469787598,
      0.7801332473754883,
      0.7818600535392761,
      0.7901947498321533,
      0.7869113087654114,
      0.7894206643104553,
      0.7862346172332764,
      0.7957062721252441
    ],
    [
      -14.973111152648926,
      0.7267124056816101,
      0.7532784938812256,
      0.7671895027160645,
      0.7761974334716797,
      0.787878692150116,
      0.7936405539512634,
      0.7856568694114685,
      0.7831475734710693,
      0.7875209450721741,
      0.7964935302734375,
      0.7923226952552795,
      0.7986235022544861,
      0.7931075692176819,
      0.8035778999328613
    ]
  ],
  "layer_keys": [
    "blocks.0.hook_resid_post",
    "blocks.1.hook_resid_post",
    "blocks.2.hook_resid_post",
    "blocks.3.hook_resid_post",
    "ln_final.hook_normalized"
  ]
}